{
  "C": 100,
  "l1_ratio": 0.01,
  "accuracy": 0.9709989258861439,
  "recall": 0.9709989258861439,
  "precision": 0.9709989258861439,
  "f1": 0.9709989258861439,
  "program__percentage_of_classes": -0.252514511346817,
  "program__percentage_of_interfaces": -9.791280746459961,
  "program__percentage_of_enums": 8.740867614746094,
  "program__contains_code_in_packages": 3.4958713054656982,
  "program__contains_code_in_default_package": 1.2313112020492554,
  "program__percentage_of_types_in_packages": 1.6826119422912598,
  "program__percentage_of_types_in_default_package": -3.968665361404419
}