{
  "C": 100,
  "l1_ratio": 0.01,
  "accuracy": 0.7704918032786885,
  "recall": 0.8518518518518519,
  "precision": 0.696969696969697,
  "f1": 0.7666666666666667,
  "program__percentage_of_classes": 11.611245155334473,
  "program__percentage_of_interfaces": -15.829238891601562,
  "program__percentage_of_enums": 2.977848529815674,
  "program__contains_code_in_packages": -1.1622021198272705,
  "program__contains_code_in_default_package": -2.212197780609131,
  "program__percentage_of_types_in_packages": 1.1513738632202148,
  "program__percentage_of_types_in_default_package": -3.9326088428497314
}