{
  "C": 100,
  "l1_ratio": 0.01,
  "accuracy": 0.7181923575276761,
  "recall": 0.8532972762783463,
  "precision": 0.7453489987803184,
  "f1": 0.7956785443517816,
  "type__is_primitive": -1.10806143283844,
  "type__height": 91.12657165527344,
  "type__number_of_generics": 6.324760913848877,
  "type__number_of_dimensions": -2.3065741062164307,
  "type__syntactic_category_Boolean": -0.3854339122772217,
  "type__syntactic_category_Byte": 1.0123707056045532,
  "type__syntactic_category_Char": -3.3353183269500732,
  "type__syntactic_category_Double": -3.2573797702789307,
  "type__syntactic_category_Float": 1.6962705850601196,
  "type__syntactic_category_Int": -0.7003443837165833,
  "type__syntactic_category_Long": 2.3507485389709473,
  "type__syntactic_category_Reference": -0.22964796423912048,
  "type__syntactic_category_Short": 5.912373065948486,
  "type__syntactic_category_String": -0.6396198272705078,
  "type__syntactic_category_UnionType": -1.6826097965240479,
  "type__syntactic_category_parent_node_CastExpression": -4.041066646575928,
  "type__syntactic_category_parent_node_FieldDefinition": -0.29834333062171936,
  "type__syntactic_category_parent_node_InstanceOf": 3.6056394577026367,
  "type__syntactic_category_parent_node_MethodDefinition": 0.09482404589653015,
  "type__syntactic_category_parent_node_MethodInvocation": 3.2233963012695312,
  "type__syntactic_category_parent_node_MethodInvocationStatement": 0.37020283937454224,
  "type__syntactic_category_parent_node_NewArray": -0.47864294052124023,
  "type__syntactic_category_parent_node_NewClass": -0.11860095709562302,
  "type__syntactic_category_parent_node_NewClassStatement": -1.5790584087371826,
  "type__syntactic_category_parent_node_VariableDefinition": -0.230467289686203,
  "type__role_played_in_parent_node_CastType": 3.6730549335479736,
  "type__role_played_in_parent_node_FieldType": -0.29834333062171936,
  "type__role_played_in_parent_node_InstanceOfType": -4.0897393226623535,
  "type__role_played_in_parent_node_MethodInvocationTypeArgument": 3.6055681705474854,
  "type__role_played_in_parent_node_NewArrayType": -0.47864294052124023,
  "type__role_played_in_parent_node_NewClassType": -1.6951067447662354,
  "type__role_played_in_parent_node_ParameterType": 0.12372070550918579,
  "type__role_played_in_parent_node_ReturnType": 0.09482404589653015,
  "type__role_played_in_parent_node_VariableType": -0.36275309324264526
}